chrom	position	reference	depth	A	C	G	T	consensus	variant
demo_reference	1	A	3	3	0	0	0	A	no
demo_reference	2	C	3	0	3	0	0	C	no
demo_reference	3	G	3	0	0	3	0	G	no
demo_reference	4	T	3	0	0	0	3	T	no
demo_reference	5	A	3	3	0	0	0	A	no
demo_reference	6	C	3	0	3	0	0	C	no
demo_reference	7	G	3	0	0	3	0	G	no
demo_reference	8	T	3	2	0	0	1	A	yes
demo_reference	9	A	3	3	0	0	0	A	no
demo_reference	10	C	3	0	3	0	0	C	no
demo_reference	11	G	3	0	0	3	0	G	no
demo_reference	12	T	3	0	0	0	3	T	no
demo_reference	13	A	3	3	0	0	0	A	no
demo_reference	14	C	3	0	3	0	0	C	no
demo_reference	15	G	3	0	0	3	0	G	no
demo_reference	16	T	3	0	0	0	3	T	no
demo_reference	17	A	3	3	0	0	0	A	no
demo_reference	18	C	3	0	3	0	0	C	no
demo_reference	19	G	3	0	0	3	0	G	no
demo_reference	20	T	3	0	0	0	3	T	no
demo_reference	21	A	3	3	0	0	0	A	no
demo_reference	22	C	3	0	3	0	0	C	no
demo_reference	23	G	3	0	0	3	0	G	no
demo_reference	24	T	3	0	0	0	3	T	no
